branch,block_no,room_no,bench_no,enrollment_no
CSE,B-1,102,1,2403051057068
CSE,B-1,102,11,2303051050055
CSE,B-1,102,21,2303051050843
CSE,B-1,102,2,2303051051190
CSE,B-1,102,12,2303051050621
CSE,B-1,102,22,2303051051052
CSE,B-1,102,3,2303051050770
CSE,B-1,102,13,2303051051264
CSE,B-1,102,23,2303051050525
CSE,B-1,102,4,2303051050235
CSE,B-1,102,14,2303051050277
CSE,B-1,102,24,2303051051266
CSE,B-1,102,5,2303051050565
CSE,B-1,102,15,2303051050479
CSE,B-1,102,25,2303051050602
CSE,B-1,102,6,2303051050924
CSE,B-1,102,16,2303051050946
CSE,B-1,102,26,2303051050437
CSE,B-1,102,7,2303051050052
CSE,B-1,102,17,2303051050553
CSE,B-1,102,27,2303051050240
CSE,B-1,102,8,2303051051117
CSE,B-1,102,18,2303051050222
CSE,B-1,102,28,2303051050080
CSE,B-1,102,9,2303051050126
CSE,B-1,102,19,2303051050443
CSE,B-1,102,29,2303051050449
CSE,B-1,102,10,2403051057149
CSE,B-1,102,20,2303051051403
CSE,B-1,102,30,2303051050393
CSE,B-1,102,1,2303051050428
CSE,B-1,102,11,2303051051238
CSE,B-1,102,21,2303051050922
CSE,B-1,102,2,2303051050103
CSE,B-1,102,12,2303051050943
CSE,B-1,102,22,2303051050170
CSE,B-1,102,3,2303051051040
CSE,B-1,102,13,2303051050457
CSE,B-1,102,23,2303051051176
CSE,B-1,102,4,2303051051010
CSE,B-1,102,14,2303051051331
CSE,B-1,102,24,2303051050228
CSE,B-1,102,5,2303051050880
CSE,B-1,102,15,2303051050877
CSE,B-1,102,25,2303051050848
CSE,B-1,102,6,2303051050341
CSE,B-1,102,16,2303051050932
CSE,B-1,102,26,2303051050178
CSE,B-1,102,7,2303051050845
CSE,B-1,102,17,2303051050900
CSE,B-1,102,27,2303051050639
CSE,B-1,102,8,2303051050257
CSE,B-1,102,18,2303051050637
CSE,B-1,102,28,2303051050908
CSE,B-1,102,9,2303051051271
CSE,B-1,102,19,2303051050120
CSE,B-1,102,29,2303051050995
CSE,B-1,102,10,2403051057020
CSE,B-1,102,20,2303051050810
CSE,B-1,102,30,2303051050117
CSE,B-3,104,1,2303051050534
CSE,B-3,104,11,2303051050156
CSE,B-3,104,21,2303051050056
CSE,B-3,104,2,2303051051327
CSE,B-3,104,12,2303051051294
CSE,B-3,104,22,2303051050975
CSE,B-3,104,3,2303051051111
CSE,B-3,104,13,2303051051308
CSE,B-3,104,23,2403051057057
CSE,B-3,104,4,2303051050403
CSE,B-3,104,14,2303051050841
CSE,B-3,104,24,2303051051380
CSE,B-3,104,5,2303051050396
CSE,B-3,104,15,2303051050928
CSE,B-3,104,25,2303051050172
CSE,B-3,104,6,2303051051180
CSE,B-3,104,16,2303051050081
CSE,B-3,104,26,2303051050439
CSE,B-3,104,7,2303051050822
CSE,B-3,104,17,2303051050209
CSE,B-3,104,27,2303051050626
CSE,B-3,104,8,2303051051310
CSE,B-3,104,18,2303051050147
CSE,B-3,104,28,2303051050380
CSE,B-3,104,9,2303051050243
CSE,B-3,104,19,2303051051258
CSE,B-3,104,29,2303051050876
CSE,B-3,104,10,2303051050800
CSE,B-3,104,20,2303051051217
CSE,B-3,104,30,2303051050918
CSE,B-3,104,1,2303051051183
CSE,B-3,104,11,2303051050140
CSE,B-3,104,21,2303051050790
CSE,B-3,104,2,2303051050008
CSE,B-3,104,12,2303051050258
CSE,B-3,104,22,2303051050278
CSE,B-3,104,3,2303051050513
CSE,B-3,104,13,2303051050261
CSE,B-3,104,23,2303051050194
CSE,B-3,104,4,2303051051114
CSE,B-3,104,14,2303051050796
CSE,B-3,104,24,2303051050936
CSE,B-3,104,5,2203051050216
CSE,B-3,104,15,2303051050467
CSE,B-3,104,25,2303051050541
CSE,B-3,104,6,2303051050370
CSE,B-3,104,16,2303051051157
CSE,B-3,104,26,2303051050251
CSE,B-3,104,7,2303051050395
CSE,B-3,104,17,2303051050359
CSE,B-3,104,27,2303051050314
CSE,B-3,104,8,2303051050145
CSE,B-3,104,18,2303051050955
CSE,B-3,104,28,2303051050390
CSE,B-3,104,9,2303051050048
CSE,B-3,104,19,2303051050265
CSE,B-3,104,29,2303051051002
CSE,B-3,104,10,2303051050397
CSE,B-3,104,20,2303051050842
CSE,B-3,104,30,2303051050823
CSE,B-5,202,1,2303051050304
CSE,B-5,202,11,2403051057116
CSE,B-5,202,21,2303051051181
CSE,B-5,202,2,2303051050929
CSE,B-5,202,12,2303051051240
CSE,B-5,202,22,2303051050470
CSE,B-5,202,3,2303051050828
CSE,B-5,202,13,2303051051003
CSE,B-5,202,23,2303051050296
CSE,B-5,202,4,2303051050620
CSE,B-5,202,14,2303051050867
CSE,B-5,202,24,2303051051089
CSE,B-5,202,5,2303051050234
CSE,B-5,202,15,2303051051137
CSE,B-5,202,25,2303051050073
CSE,B-5,202,6,2303051050418
CSE,B-5,202,16,2303051051151
CSE,B-5,202,26,2303051050377
CSE,B-5,202,7,2303051050426
CSE,B-5,202,17,2403051057132
CSE,B-5,202,27,2303051050896
CSE,B-5,202,8,2303051051364
CSE,B-5,202,18,2303051050473
CSE,B-5,202,28,2303051050038
CSE,B-5,202,9,2303051050188
CSE,B-5,202,19,2303051050778
CSE,B-5,202,29,2303051051379
CSE,B-5,202,10,2303051050366
CSE,B-5,202,20,2303051050836
CSE,B-5,202,30,2303051051024
CSE,B-5,202,1,2303051051237
CSE,B-5,202,11,2303051050583
CSE,B-5,202,21,2303051050524
CSE,B-5,202,2,2303051051298
CSE,B-5,202,12,2303051050308
CSE,B-5,202,22,2303051050963
CSE,B-5,202,3,2303051050536
CSE,B-5,202,13,2303051050005
CSE,B-5,202,23,2303051050811
CSE,B-5,202,4,2303051050225
CSE,B-5,202,14,2303051051245
CSE,B-5,202,24,2303051050890
CSE,B-5,202,5,2303051050611
CSE,B-5,202,15,2303051050475
CSE,B-5,202,25,2303051050362
CSE,B-5,202,6,2303051050660
CSE,B-5,202,16,2303051050238
CSE,B-5,202,26,2303051050262
CSE,B-5,202,7,2303051050803
CSE,B-5,202,17,2303051051178
CSE,B-5,202,27,2303051050466
CSE,B-5,202,8,2303051050920
CSE,B-5,202,18,2303051050949
CSE,B-5,202,28,2303051050023
CSE,B-5,202,9,2303051050322
CSE,B-5,202,19,2303051050945
CSE,B-5,202,29,2303051050939
CSE,B-5,202,10,2303051050797
CSE,B-5,202,20,2303051050663
CSE,B-5,202,30,2303051050402
CSE,B-7,,1,2303051051155
CSE,B-7,,11,2303051050067
CSE,B-7,,21,2303051050852
CSE,B-7,,2,2303051051209
CSE,B-7,,12,2303051050373
CSE,B-7,,22,2303051050469
CSE,B-7,,3,2303051050086
CSE,B-7,,13,2303051050305
CSE,B-7,,23,2303051050320
CSE,B-7,,4,2303051050658
CSE,B-7,,14,2303051050768
CSE,B-7,,24,2303051051021
CSE,B-7,,5,2303051050555
CSE,B-7,,15,2303051051035
CSE,B-7,,25,2303051050789
CSE,B-7,,6,2303051050926
CSE,B-7,,16,2303051050042
CSE,B-7,,26,2303051051347
CSE,B-7,,7,2303051050212
CSE,B-7,,17,2303051050022
CSE,B-7,,27,2303051050542
CSE,B-7,,8,2303051050846
CSE,B-7,,18,2303051050183
CSE,B-7,,28,2303051050509
CSE,B-7,,9,2303051050998
CSE,B-7,,19,2303051050313
CSE,B-7,,29,2303051050573
CSE,B-7,,10,2303051050294
CSE,B-7,,20,2303051050500
CSE,B-7,,30,2403051057063
CSE,B-7,,1,2303051050891
CSE,B-7,,11,2303051050367
CSE,B-7,,21,2303051051113
CSE,B-7,,2,2303051050101
CSE,B-7,,12,2403051057001
CSE,B-7,,22,2303051050871
CSE,B-7,,3,2303051050901
CSE,B-7,,13,2303051050807
CSE,B-7,,23,2303051050785
CSE,B-7,,4,2303051050830
CSE,B-7,,14,2303051050106
CSE,B-7,,24,2303051050967
CSE,B-7,,5,2303051050834
CSE,B-7,,15,2303051051013
CSE,B-7,,25,2303051050009
CSE,B-7,,6,2303051050353
CSE,B-7,,16,2303051050074
CSE,B-7,,26,2303051050630
CSE,B-7,,7,2303051050584
CSE,B-7,,17,2303051050973
CSE,B-7,,27,2303051050160
CSE,B-7,,8,2303051050215
CSE,B-7,,18,2303051050226
CSE,B-7,,28,2303051051059
CSE,B-7,,9,2303051050613
CSE,B-7,,19,2303051051168
CSE,B-7,,29,2303051050882
CSE,B-7,,10,2303051050417
CSE,B-7,,20,2303051050216
CSE,B-7,,30,2303051050401
CSE,B-9,205,1,2303051050317
CSE,B-9,205,11,2303051050176
CSE,B-9,205,21,2303051051288
CSE,B-9,205,2,2303051050531
CSE,B-9,205,12,2303051051192
CSE,B-9,205,22,2303051050154
CSE,B-9,205,3,2303051050910
CSE,B-9,205,13,2303051050478
CSE,B-9,205,23,2303051051017
CSE,B-9,205,4,2303051050221
CSE,B-9,205,14,2303051050354
CSE,B-9,205,24,2303051051321
CSE,B-9,205,5,2303051051058
CSE,B-9,205,15,2303051050290
CSE,B-9,205,25,2303051050590
CSE,B-9,205,6,2303051051250
CSE,B-9,205,16,2303051051304
CSE,B-9,205,26,2303051050997
CSE,B-9,205,7,2303051050391
CSE,B-9,205,17,2303051050153
CSE,B-9,205,27,2303051050032
CSE,B-9,205,8,2303051050128
CSE,B-9,205,18,2303051050645
CSE,B-9,205,28,2303051050652
CSE,B-9,205,9,2303051050970
CSE,B-9,205,19,2303051050079
CSE,B-9,205,29,2303051050149
CSE,B-9,205,10,2303051050066
CSE,B-9,205,20,2303051050480
CSE,B-9,205,30,2203051051151
CSE,B-9,205,1,2303051051265
CSE,B-9,205,11,2303051050295
CSE,B-9,205,21,2303051050873
CSE,B-9,205,2,2303051051206
CSE,B-9,205,12,2303051051090
CSE,B-9,205,22,2303051050471
CSE,B-9,205,3,2303051050381
CSE,B-9,205,13,2303051050230
CSE,B-9,205,23,2303051050205
CSE,B-9,205,4,2303051051189
CSE,B-9,205,14,2303051051166
CSE,B-9,205,24,2303051051173
CSE,B-9,205,5,2303051050239
CSE,B-9,205,15,2303051051167
CSE,B-9,205,25,2303051050078
CSE,B-9,205,6,2303051051144
CSE,B-9,205,16,2303051050432
CSE,B-9,205,26,2303051050274
CSE,B-9,205,7,2403051057127
CSE,B-9,205,17,2303051050957
CSE,B-9,205,27,2303051051125
CSE,B-9,205,8,2303051050363
CSE,B-9,205,18,2303051051261
CSE,B-9,205,28,2303051050961
CSE,B-9,205,9,2303051051254
CSE,B-9,205,19,2303051050904
CSE,B-9,205,29,2303051051312
CSE,B-9,205,10,2303051050372
CSE,B-9,205,20,2303051050777
CSE,B-9,205,30,2303051050863
CSE,B-11,222,1,2303051050340
CSE,B-11,222,11,2303051050607
CSE,B-11,222,21,2303051050047
CSE,B-11,222,2,2403051057093
CSE,B-11,222,12,2303051051382
CSE,B-11,222,22,2403051057131
CSE,B-11,222,3,2403051057099
CSE,B-11,222,13,2303051050808
CSE,B-11,222,23,2303051050002
CSE,B-11,222,4,2303051050085
CSE,B-11,222,14,2303051050494
CSE,B-11,222,24,2303051050914
CSE,B-11,222,5,2303051051073
CSE,B-11,222,15,2303051050935
CSE,B-11,222,25,2303051050260
CSE,B-11,222,6,2303051051214
CSE,B-11,222,16,2403051057110
CSE,B-11,222,26,2303051050616
CSE,B-11,222,7,2303051050070
CSE,B-11,222,17,2303051050044
CSE,B-11,222,27,2303051051091
CSE,B-11,222,8,2303051050905
CSE,B-11,222,18,2303051050609
CSE,B-11,222,28,2303051051069
CSE,B-11,222,9,2303051050299
CSE,B-11,222,19,2303051050894
CSE,B-11,222,29,2303051050241
CSE,B-11,222,10,2303051050382
CSE,B-11,222,20,2303051050614
CSE,B-11,222,30,2303051050868
CSE,B-11,222,1,2303051051277
CSE,B-11,222,11,2303051050071
CSE,B-11,222,21,2303051050184
CSE,B-11,222,2,2303051050551
CSE,B-11,222,12,2303051050024
CSE,B-11,222,22,2303051050201
CSE,B-11,222,3,2303051050010
CSE,B-11,222,13,2303051050386
CSE,B-11,222,23,2303051050206
CSE,B-11,222,4,2403051057031
CSE,B-11,222,14,2303051050655
CSE,B-11,222,24,2303051050207
CSE,B-11,222,5,2303051050315
CSE,B-11,222,15,2303051050012
CSE,B-11,222,25,2303051050217
CSE,B-11,222,6,2303051050016
CSE,B-11,222,16,2303051050046
CSE,B-11,222,26,2303051050237
CSE,B-11,222,7,2303051050784
CSE,B-11,222,17,2303051050065
CSE,B-11,222,27,2303051050249
CSE,B-11,222,8,2303051050105
CSE,B-11,222,18,2303051050091
CSE,B-11,222,28,2303051050252
CSE,B-11,222,9,2303051050771
CSE,B-11,222,19,2303051050093
CSE,B-11,222,29,2303051050268
CSE,B-11,222,10,2303051051263
CSE,B-11,222,20,2303051050141
CSE,B-11,222,30,2303051050276
CSE,B-13,224,1,2303051050303
CSE,B-13,224,11,2303051050463
CSE,B-13,224,21,2303051050623
CSE,B-13,224,2,2303051050327
CSE,B-13,224,12,2303051050477
CSE,B-13,224,22,2303051050786
CSE,B-13,224,3,2303051050332
CSE,B-13,224,13,2303051050507
CSE,B-13,224,23,2303051050795
CSE,B-13,224,4,2303051050342
CSE,B-13,224,14,2303051050519
CSE,B-13,224,24,2303051050850
CSE,B-13,224,5,2303051050357
CSE,B-13,224,15,2303051050558
CSE,B-13,224,25,2303051050875
CSE,B-13,224,6,2303051050374
CSE,B-13,224,16,2303051050572
CSE,B-13,224,26,2303051050889
CSE,B-13,224,7,2303051050394
CSE,B-13,224,17,2303051050577
CSE,B-13,224,27,2303051050911
CSE,B-13,224,8,2303051050404
CSE,B-13,224,18,2303051050603
CSE,B-13,224,28,2303051050947
CSE,B-13,224,9,2303051050409
CSE,B-13,224,19,2303051050604
CSE,B-13,224,29,2303051050988
CSE,B-13,224,10,2303051050430
CSE,B-13,224,20,2303051050622
CSE,B-13,224,30,2303051051016
CSE,B-13,224,1,2303051051034
CSE,B-13,224,11,2303051051285
CSE,B-13,224,21,2403051057137
CSE,B-13,224,2,2303051051039
CSE,B-13,224,12,2303051051299
CSE,B-13,224,22,2303051050288
CSE,B-13,224,3,2303051051061
CSE,B-13,224,13,2303051051412
CSE,B-13,224,23,2303051051368
CSE,B-13,224,4,2303051051080
CSE,B-13,224,14,2303051051421
CSE,B-13,224,24,2303051050142
CSE,B-13,224,5,2303051051099
CSE,B-13,224,15,2303051051459
CSE,B-13,224,25,2403051057128
CSE,B-13,224,6,2303051051142
CSE,B-13,224,16,2403051057007
CSE,B-13,224,26,2303051050333
CSE,B-13,224,7,2303051051215
CSE,B-13,224,17,2403051057077
CSE,B-13,224,27,2303051050063
CSE,B-13,224,8,2303051051244
CSE,B-13,224,18,2403051057079
CSE,B-13,224,28,2303051051001
CSE,B-13,224,9,2303051051267
CSE,B-13,224,19,2403051057098
CSE,B-13,224,29,2303051050253
CSE,B-13,224,10,2303051051283
CSE,B-13,224,20,2403051057106
CSE,B-13,224,30,2303051051043
CSE,B-15,226,1,2303051050515
CSE,B-15,226,11,2303051050966
CSE,B-15,226,21,2303051050982
CSE,B-15,226,2,2303051051463
CSE,B-15,226,12,2403051057040
CSE,B-15,226,22,2303051051171
CSE,B-15,226,3,2303051050197
CSE,B-15,226,13,2303051050089
CSE,B-15,226,23,2303051050043
CSE,B-15,226,4,2403051057060
CSE,B-15,226,14,2303051050629
CSE,B-15,226,24,2303051051026
CSE,B-15,226,5,2303051050644
CSE,B-15,226,15,2303051050389
CSE,B-15,226,25,2303051051005
CSE,B-15,226,6,2303051050523
CSE,B-15,226,16,2303051050987
CSE,B-15,226,26,2403051057015
CSE,B-15,226,7,2303051050579
CSE,B-15,226,17,2303051050246
CSE,B-15,226,27,2303051051455
CSE,B-15,226,8,2303051050202
CSE,B-15,226,18,2303051051400
CSE,B-15,226,28,2303051050264
CSE,B-15,226,9,2303051050371
CSE,B-15,226,19,2303051051452
CSE,B-15,226,29,2403051057089
CSE,B-15,226,10,2303051050293
CSE,B-15,226,20,2303051050521
CSE,B-15,226,30,2303051050825
CSE,B-15,226,1,2303051051060
CSE,B-15,226,11,2303051050109
CSE,B-15,226,21,2303051050824
CSE,B-15,226,2,2303051050310
CSE,B-15,226,12,2303051050937
CSE,B-15,226,22,2303051050520
CSE,B-15,226,3,2303051050280
CSE,B-15,226,13,2303051050028
CSE,B-15,226,23,2303051051170
CSE,B-15,226,4,2303051050959
CSE,B-15,226,14,2303051050096
CSE,B-15,226,24,2303051050491
CSE,B-15,226,5,2303051050530
CSE,B-15,226,15,2303051050989
CSE,B-15,226,25,2303051051148
CSE,B-15,226,6,2303051050450
CSE,B-15,226,16,2303051051349
CSE,B-15,226,26,2303051051422
CSE,B-15,226,7,2303051051423
CSE,B-15,226,17,2303051051346
CSE,B-15,226,27,2303051050654
CSE,B-15,226,8,2303051050984
CSE,B-15,226,18,2303051051273
CSE,B-15,226,28,2303051050255
CSE,B-15,226,9,2303051050554
CSE,B-15,226,19,2303051051372
CSE,B-15,226,29,2303051050144
CSE,B-15,226,10,2303051050651
CSE,B-15,226,20,2403051057017
CSE,B-15,226,30,2303051050064
CSE,B-17,239,1,2303051050851
CSE,B-17,239,11,2303051050033
CSE,B-17,239,21,2303051050774
CSE,B-17,239,2,2303051050953
CSE,B-17,239,12,2303051051475
CSE,B-17,239,22,2303051050974
CSE,B-17,239,3,2303051051373
CSE,B-17,239,13,2403051057102
CSE,B-17,239,23,2303051050319
CSE,B-17,239,4,2303051050567
CSE,B-17,239,14,2303051050388
CSE,B-17,239,24,2303051050302
CSE,B-17,239,5,2303051051383
CSE,B-17,239,15,2303051050821
CSE,B-17,239,25,2303051051433
CSE,B-17,239,6,2303051050115
CSE,B-17,239,16,2303051051051
CSE,B-17,239,26,2303051050856
CSE,B-17,239,7,2303051050398
CSE,B-17,239,17,2303051050011
CSE,B-17,239,27,2303051050214
CSE,B-17,239,8,2303051050951
CSE,B-17,239,18,2303051051103
CSE,B-17,239,28,2303051050772
CSE,B-17,239,9,2303051050806
CSE,B-17,239,19,2303051051318
CSE,B-17,239,29,2303051051419
CSE,B-17,239,10,2303051050129
CSE,B-17,239,20,2303051050619
CSE,B-17,239,30,2303051051447
CSE,B-17,239,1,2303051050191
CSE,B-17,239,11,2303051050983
CSE,B-17,239,21,2303051050054
CSE,B-17,239,2,2303051050775
CSE,B-17,239,12,2303051051086
CSE,B-17,239,22,2303051051484
CSE,B-17,239,3,2303051051159
CSE,B-17,239,13,2303051050031
CSE,B-17,239,23,2303051050125
CSE,B-17,239,4,2303051050083
CSE,B-17,239,14,2303051051009
CSE,B-17,239,24,2303051051101
CSE,B-17,239,5,2303051050633
CSE,B-17,239,15,2303051050041
CSE,B-17,239,25,2303051051309
CSE,B-17,239,6,2403051057069
CSE,B-17,239,16,2303051050187
CSE,B-17,239,26,2303051050529
CSE,B-17,239,7,2303051051228
CSE,B-17,239,17,2303051051186
CSE,B-17,239,27,2303051050131
CSE,B-17,239,8,2403051057065
CSE,B-17,239,18,2303051050933
CSE,B-17,239,28,2303051050788
CSE,B-17,239,9,2303051050940
CSE,B-17,239,19,2303051050446
CSE,B-17,239,29,2403051057028
CSE,B-17,239,10,2303051050839
CSE,B-17,239,20,2303051050158
CSE,B-17,239,30,2403051057061
CSE,B-19,245,1,2303051050827
CSE,B-19,245,11,2303051050582
CSE,B-19,245,21,2303051050049
CSE,B-19,245,2,2303051050325
CSE,B-19,245,12,2303051050090
CSE,B-19,245,22,2303051050130
CSE,B-19,245,3,2303051050528
CSE,B-19,245,13,2303051050287
CSE,B-19,245,23,2303051050134
CSE,B-19,245,4,2303051050182
CSE,B-19,245,14,2303051050410
CSE,B-19,245,24,2303051050269
CSE,B-19,245,5,2303051050956
CSE,B-19,245,15,2303051050601
CSE,B-19,245,25,2303051050013
CSE,B-19,245,6,2303051050893
CSE,B-19,245,16,2303051050035
CSE,B-19,245,26,2303051051152
CSE,B-19,245,7,2303051050902
CSE,B-19,245,17,2303051051046
CSE,B-19,245,27,2303051050301
CSE,B-19,245,8,2303051051092
CSE,B-19,245,18,2303051051095
CSE,B-19,245,28,2403051057023
CSE,B-19,245,9,2303051051280
CSE,B-19,245,19,2303051050773
CSE,B-19,245,29,2303051050152
CSE,B-19,245,10,2303051051307
CSE,B-19,245,20,2303051051478
CSE,B-19,245,30,2303051051121
CSE,B-19,245,1,2303051050455
CSE,B-19,245,11,2303051051476
CSE,B-19,245,21,2303051050306
CSE,B-19,245,2,2303051050339
CSE,B-19,245,12,2403051057072
CSE,B-19,245,22,2403051057083
CSE,B-19,245,3,2303051050814
CSE,B-19,245,13,2303051050518
CSE,B-19,245,23,2303051050557
CSE,B-19,245,4,2303051050832
CSE,B-19,245,14,2303051051303
CSE,B-19,245,24,2303051050356
CSE,B-19,245,5,2303051051460
CSE,B-19,245,15,2303051051063
CSE,B-19,245,25,2303051050271
CSE,B-19,245,6,2303051051377
CSE,B-19,245,16,2303051051434
CSE,B-19,245,26,2303051050075
CSE,B-19,245,7,2403051057008
CSE,B-19,245,17,2203051050650
CSE,B-19,245,27,2303051050068
CSE,B-19,245,8,2303051051037
CSE,B-19,245,18,2303051050425
CSE,B-19,245,28,2303051051477
CSE,B-19,245,9,2303051051435
CSE,B-19,245,19,2303051050587
CSE,B-19,245,29,2303051050414
CSE,B-19,245,10,2303051050980
CSE,B-19,245,20,2303051050504
CSE,B-19,245,30,2303051050165
CSE,B-21,,1,2303051051169
CSE,B-21,,11,2303051050861
CSE,B-21,,21,2403051057130
CSE,B-21,,2,2303051050595
CSE,B-21,,12,2303051051056
CSE,B-21,,22,2303051051361
CSE,B-21,,3,2303051050503
CSE,B-21,,13,2303051050419
CSE,B-21,,23,2303051051328
CSE,B-21,,4,2303051050493
CSE,B-21,,14,2303051051216
CSE,B-21,,24,2303051050512
CSE,B-21,,5,2303051050589
CSE,B-21,,15,2303051051033
CSE,B-21,,25,2303051050030
CSE,B-21,,6,2303051051057
CSE,B-21,,16,2303051051355
CSE,B-21,,26,2303051050189
CSE,B-21,,7,2303051050020
CSE,B-21,,17,2303051050913
CSE,B-21,,27,2303051050283
CSE,B-21,,8,2303051050972
CSE,B-21,,18,2303051051110
CSE,B-21,,28,2303051051065
CSE,B-21,,9,2403051057042
CSE,B-21,,19,2303051051200
CSE,B-21,,29,2303051050941
CSE,B-21,,10,2303051051413
CSE,B-21,,20,2303051050769
CSE,B-21,,30,2303051051185
CSE,B-21,,1,2303051050400
CSE,B-21,,11,2303051050451
CSE,B-21,,21,2303051051367
CSE,B-21,,2,2203051050121
CSE,B-21,,12,2303051051219
CSE,B-21,,22,2303051050200
CSE,B-21,,3,2303051051006
CSE,B-21,,13,2403051057142
CSE,B-21,,23,2303051050021
CSE,B-21,,4,2303051050405
CSE,B-21,,14,2303051050282
CSE,B-21,,24,2303051051472
CSE,B-21,,5,2303051050219
CSE,B-21,,15,2303051051454
CSE,B-21,,25,2303051051386
CSE,B-21,,6,2303051050195
CSE,B-21,,16,2303051050907
CSE,B-21,,26,2303051050442
CSE,B-21,,7,2303051051087
CSE,B-21,,17,2303051050835
CSE,B-21,,27,2303051050036
CSE,B-21,,8,2303051051428
CSE,B-21,,18,2303051051246
CSE,B-21,,28,2303051050387
CSE,B-21,,9,2303051050338
CSE,B-21,,19,2303051051430
CSE,B-21,,29,2403051057081
CSE,B-21,,10,2303051050424
CSE,B-21,,20,2303051050812
CSE,B-21,,30,2303051050259
CSE,B-23,249,1,2303051051363
CSE,B-23,249,11,2303051050137
CSE,B-23,249,21,2303051050291
CSE,B-23,249,2,2303051051329
CSE,B-23,249,12,2203051051152
CSE,B-23,249,22,2303051050316
CSE,B-23,249,3,2303051050999
CSE,B-23,249,13,2303051050001
CSE,B-23,249,23,2303051050456
CSE,B-23,249,4,2303051050166
CSE,B-23,249,14,2303051050097
CSE,B-23,249,24,2303051050458
CSE,B-23,249,5,2303051050506
CSE,B-23,249,15,2303051050099
CSE,B-23,249,25,2303051050486
CSE,B-23,249,6,2303051050782
CSE,B-23,249,16,2303051050121
CSE,B-23,249,26,2303051050502
CSE,B-23,249,7,2403051057141
CSE,B-23,249,17,2303051050135
CSE,B-23,249,27,2303051050514
CSE,B-23,249,8,2303051051360
CSE,B-23,249,18,2303051050161
CSE,B-23,249,28,2303051050532
CSE,B-23,249,9,2303051050150
CSE,B-23,249,19,2303051050174
CSE,B-23,249,29,2303051050580
CSE,B-23,249,10,2303051050171
CSE,B-23,249,20,2303051050223
CSE,B-23,249,30,2303051050636
CSE,B-23,249,1,2303051050794
CSE,B-23,249,11,2303051051160
CSE,B-23,249,21,2303051051458
CSE,B-23,249,2,2303051050892
CSE,B-23,249,12,2303051051197
CSE,B-23,249,22,2403051057044
CSE,B-23,249,3,2303051050915
CSE,B-23,249,13,2303051051223
CSE,B-23,249,23,2403051057050
CSE,B-23,249,4,2303051050942
CSE,B-23,249,14,2303051051259
CSE,B-23,249,24,2403051057054
CSE,B-23,249,5,2303051050981
CSE,B-23,249,15,2303051051274
CSE,B-23,249,25,2403051057064
CSE,B-23,249,6,2303051050991
CSE,B-23,249,16,2303051051333
CSE,B-23,249,26,2403051057105
CSE,B-23,249,7,2303051050996
CSE,B-23,249,17,2303051051376
CSE,B-23,249,27,2403051057118
CSE,B-23,249,8,2303051051044
CSE,B-23,249,18,2303051051420
CSE,B-23,249,28,2403051057152
CSE,B-23,249,9,2303051051068
CSE,B-23,249,19,2303051051429
CSE,B-23,249,29,2403051057153
CSE,B-23,249,10,2303051051081
CSE,B-23,249,20,2303051051444
CSE,B-23,249,30,2303051051050
CSE,B-25,251,1,2303051050347
CSE,B-25,251,11,2303051051047
CSE,B-25,251,21,2303051050375
CSE,B-25,251,2,2303051051320
CSE,B-25,251,12,2303051050612
CSE,B-25,251,22,2303051050593
CSE,B-25,251,3,2403051057014
CSE,B-25,251,13,2303051051441
CSE,B-25,251,23,2303051050143
CSE,B-25,251,4,2303051051096
CSE,B-25,251,14,2303051050111
CSE,B-25,251,24,2303051050859
CSE,B-25,251,5,2303051051199
CSE,B-25,251,15,2303051051416
CSE,B-25,251,25,2303051050994
CSE,B-25,251,6,2303051051291
CSE,B-25,251,16,2303051051276
CSE,B-25,251,26,2303051050272
CSE,B-25,251,7,2303051050992
CSE,B-25,251,17,2303051050208
CSE,B-25,251,27,2303051050447
CSE,B-25,251,8,2303051050392
CSE,B-25,251,18,2303051051007
CSE,B-25,251,28,2303051050114
CSE,B-25,251,9,2303051051131
CSE,B-25,251,19,2303051051481
CSE,B-25,251,29,2303051050210
CSE,B-25,251,10,2303051050561
CSE,B-25,251,20,2303051051004
CSE,B-25,251,30,2303051051260
CSE,B-25,251,1,2303051050019
CSE,B-25,251,11,2303051051072
CSE,B-25,251,21,2303051050799
CSE,B-25,251,2,2403051057071
CSE,B-25,251,12,2303051050497
CSE,B-25,251,22,2403051057026
CSE,B-25,251,3,2303051050793
CSE,B-25,251,13,2403051057052
CSE,B-25,251,23,2303051051147
CSE,B-25,251,4,2303051051457
CSE,B-25,251,14,2403051057048
CSE,B-25,251,24,2403051057036
CSE,B-25,251,5,2303051051352
CSE,B-25,251,15,2303051050985
CSE,B-25,251,25,2303051051074
CSE,B-25,251,6,2303051050499
CSE,B-25,251,16,2303051051306
CSE,B-25,251,26,2303051051473
CSE,B-25,251,7,2303051051356
CSE,B-25,251,17,2303051050263
CSE,B-25,251,27,2403051057059
CSE,B-25,251,8,2303051051097
CSE,B-25,251,18,2403051057143
CSE,B-25,251,28,2303051051232
CSE,B-25,251,9,2403051057012
CSE,B-25,251,19,2303051051130
CSE,B-25,251,29,2403051057096
CSE,B-25,251,10,2403051057051
CSE,B-25,251,20,2303051050501
CSE,B-25,251,30,2403051057160
CSE,B-27,257,1,2403051057038
CSE,B-27,257,11,2403051057049
CSE,B-27,257,21,2303051050474
CSE,B-27,257,2,2303051051448
CSE,B-27,257,12,2403051057016
CSE,B-27,257,22,2303051050112
CSE,B-27,257,3,2403051057010
CSE,B-27,257,13,2403051057045
CSE,B-27,257,23,2303051051126
CSE,B-27,257,4,2403051057047
CSE,B-27,257,14,2303051051287
CSE,B-27,257,24,2303051050533
CSE,B-27,257,5,2403051057035
CSE,B-27,257,15,2303051050352
CSE,B-27,257,25,2303051050453
CSE,B-27,257,6,2403051057119
CSE,B-27,257,16,2303051050344
CSE,B-27,257,26,2303051050014
CSE,B-27,257,7,2403051057091
CSE,B-27,257,17,2303051050492
CSE,B-27,257,27,2303051050923
CSE,B-27,257,8,2303051051390
CSE,B-27,257,18,2303051050087
CSE,B-27,257,28,2403051057073
CSE,B-27,257,9,2303051051394
CSE,B-27,257,19,2303051051220
CSE,B-27,257,29,2303051051442
CSE,B-27,257,10,2403051057046
CSE,B-27,257,20,2303051050003
CSE,B-27,257,30,2303051051241
CSE,B-27,257,1,2303051050211
CSE,B-27,257,11,2303051051248
CSE,B-27,257,21,2403051057114
CSE,B-27,257,2,2403051057138
CSE,B-27,257,12,2303051050909
CSE,B-27,257,22,2303051050537
CSE,B-27,257,3,2303051051102
CSE,B-27,257,13,2303051050847
CSE,B-27,257,23,2403051057027
CSE,B-27,257,4,2303051051064
CSE,B-27,257,14,2303051050454
CSE,B-27,257,24,2403051057134
CSE,B-27,257,5,2403051057085
CSE,B-27,257,15,2303051051094
CSE,B-27,257,25,2303051050820
CSE,B-27,257,6,2303051050792
CSE,B-27,257,16,2303051050535
CSE,B-27,257,26,2303051050483
CSE,B-27,257,7,2303051051300
CSE,B-27,257,17,2403051057058
CSE,B-27,257,27,2403051057024
CSE,B-27,257,8,2303051050441
CSE,B-27,257,18,2303051051446
CSE,B-27,257,28,2303051050570
CSE,B-27,257,9,2303051050517
CSE,B-27,257,19,2303051051404
CSE,B-27,257,29,2303051050350
CSE,B-27,257,10,2303051051378
CSE,B-27,257,20,2403051057013
CSE,B-27,257,30,2303051051188
CSE,B-29,302,1,2303051050416
CSE,B-29,302,11,2303051050256
CSE,B-29,302,21,2303051050783
CSE,B-29,302,2,2303051050465
CSE,B-29,302,12,2303051050952
CSE,B-29,302,22,2303051050051
CSE,B-29,302,3,2303051050829
CSE,B-29,302,13,2303051051141
CSE,B-29,302,23,2303051050944
CSE,B-29,302,4,2303051051281
CSE,B-29,302,14,2403051057056
CSE,B-29,302,24,2303051050564
CSE,B-29,302,5,2303051051132
CSE,B-29,302,15,2303051050213
CSE,B-29,302,25,2303051051031
CSE,B-29,302,6,2303051051207
CSE,B-29,302,16,2403051057148
CSE,B-29,302,26,2303051050061
CSE,B-29,302,7,2303051050279
CSE,B-29,302,17,2403051057055
CSE,B-29,302,27,2303051050107
CSE,B-29,302,8,2303051051332
CSE,B-29,302,18,2403051057075
CSE,B-29,302,28,2303051050376
CSE,B-29,302,9,2303051050962
CSE,B-29,302,19,2303051051106
CSE,B-29,302,29,2303051050058
CSE,B-29,302,10,2303051051469
CSE,B-29,302,20,2303051050487
CSE,B-29,302,30,2303051050059
CSE,B-29,302,1,2303051050004
CSE,B-29,302,11,2303051050095
CSE,B-29,302,21,2303051050173
CSE,B-29,302,2,2303051050177
CSE,B-29,302,12,2303051050098
CSE,B-29,302,22,2303051050045
CSE,B-29,302,3,2303051050185
CSE,B-29,302,13,2303051050118
CSE,B-29,302,23,2303051050199
CSE,B-29,302,4,2303051050245
CSE,B-29,302,14,2303051050119
CSE,B-29,302,24,2303051050108
CSE,B-29,302,5,2303051051468
CSE,B-29,302,15,2303051050122
CSE,B-29,302,25,2303051050267
CSE,B-29,302,6,2303051050007
CSE,B-29,302,16,2303051050136
CSE,B-29,302,26,2303051050284
CSE,B-29,302,7,2303051051255
CSE,B-29,302,17,2303051050148
CSE,B-29,302,27,2303051050289
CSE,B-29,302,8,2303051050069
CSE,B-29,302,18,2303051050162
CSE,B-29,302,28,2303051050297
CSE,B-29,302,9,2303051050077
CSE,B-29,302,19,2303051050163
CSE,B-29,302,29,2303051050326
CSE,B-29,302,10,2303051050094
CSE,B-29,302,20,2303051050164
CSE,B-29,302,30,2303051050348
CSE,B-31,304,1,2303051050360
CSE,B-31,304,11,2303051050610
CSE,B-31,304,21,2303051051025
CSE,B-31,304,2,2303051050427
CSE,B-31,304,12,2303051050650
CSE,B-31,304,22,2303051051030
CSE,B-31,304,3,2303051050429
CSE,B-31,304,13,2303051050813
CSE,B-31,304,23,2303051051049
CSE,B-31,304,4,2303051050436
CSE,B-31,304,14,2303051050927
CSE,B-31,304,24,2303051051054
CSE,B-31,304,5,2303051050448
CSE,B-31,304,15,2303051050958
CSE,B-31,304,25,2303051050866
CSE,B-31,304,6,2303051050495
CSE,B-31,304,16,2303051050965
CSE,B-31,304,26,2303051051123
CSE,B-31,304,7,2303051050550
CSE,B-31,304,17,2303051050976
CSE,B-31,304,27,2303051051133
CSE,B-31,304,8,2303051050556
CSE,B-31,304,18,2303051050986
CSE,B-31,304,28,2303051051134
CSE,B-31,304,9,2303051050574
CSE,B-31,304,19,2303051050990
CSE,B-31,304,29,2303051051135
CSE,B-31,304,10,2303051050578
CSE,B-31,304,20,2303051051000
CSE,B-31,304,30,2303051051140
CSE,B-31,304,1,2303051051149
CSE,B-31,304,11,2303051051239
CSE,B-31,304,21,2303051051335
CSE,B-31,304,2,2303051051163
CSE,B-31,304,12,2303051051257
CSE,B-31,304,22,2303051051348
CSE,B-31,304,3,2303051051177
CSE,B-31,304,13,2303051051289
CSE,B-31,304,23,2203051051090
CSE,B-31,304,4,2303051051187
CSE,B-31,304,14,2303051051105
CSE,B-31,304,24,2303051051109
CSE,B-31,304,5,2303051051194
CSE,B-31,304,15,2303051051301
CSE,B-31,304,25,2303051051369
CSE,B-31,304,6,2303051051203
CSE,B-31,304,16,2303051051302
CSE,B-31,304,26,2303051051381
CSE,B-31,304,7,2303051051204
CSE,B-31,304,17,2303051051316
CSE,B-31,304,27,2303051051387
CSE,B-31,304,8,2303051051221
CSE,B-31,304,18,2303051051317
CSE,B-31,304,28,2303051051397
CSE,B-31,304,9,2303051051222
CSE,B-31,304,19,2303051051319
CSE,B-31,304,29,2303051051402
CSE,B-31,304,10,2303051051227
CSE,B-31,304,20,2303051051323
CSE,B-31,304,30,2303051051411
CSE,B-33,308,1,2303051051415
CSE,B-33,308,11,2303051050127
CSE,B-33,308,21,2303051050336
CSE,B-33,308,2,2303051051351
CSE,B-33,308,12,2303051050167
CSE,B-33,308,22,2303051050025
CSE,B-33,308,3,2303051051440
CSE,B-33,308,13,2303051050168
CSE,B-33,308,23,2303051050358
CSE,B-33,308,4,2303051051445
CSE,B-33,308,14,2303051050175
CSE,B-33,308,24,2303051050364
CSE,B-33,308,5,2303051051467
CSE,B-33,308,15,2303051050180
CSE,B-33,308,25,2303051050420
CSE,B-33,308,6,2303051050015
CSE,B-33,308,16,2303051050018
CSE,B-33,308,26,2303051050422
CSE,B-33,308,7,2303051050050
CSE,B-33,308,17,2303051050309
CSE,B-33,308,27,2303051050423
CSE,B-33,308,8,2303051050060
CSE,B-33,308,18,2303051050328
CSE,B-33,308,28,2303051050431
CSE,B-33,308,9,2303051050076
CSE,B-33,308,19,2303051050330
CSE,B-33,308,29,2303051050435
CSE,B-33,308,10,2303051050017
CSE,B-33,308,20,2303051050331
CSE,B-33,308,30,2303051050459
CSE,B-33,308,1,2303051050461
CSE,B-33,308,11,2303051050617
CSE,B-33,308,21,2303051050508
CSE,B-33,308,2,2303051050029
CSE,B-33,308,12,2303051050625
CSE,B-33,308,22,2303051050971
CSE,B-33,308,3,2303051050468
CSE,B-33,308,13,2303051050635
CSE,B-33,308,23,2303051050977
CSE,B-33,308,4,2203051050838
CSE,B-33,308,14,2303051050648
CSE,B-33,308,24,2303051050978
CSE,B-33,308,5,2303051050472
CSE,B-33,308,15,2303051050802
CSE,B-33,308,25,2303051051011
CSE,B-33,308,6,2303051050544
CSE,B-33,308,16,2303051050872
CSE,B-33,308,26,2303051051014
CSE,B-33,308,7,2303051050549
CSE,B-33,308,17,2303051050879
CSE,B-33,308,27,2303051051071
CSE,B-33,308,8,2303051050566
CSE,B-33,308,18,2303051050884
CSE,B-33,308,28,2303051051078
CSE,B-33,308,9,2303051050575
CSE,B-33,308,19,2303051050897
CSE,B-33,308,29,2303051051082
CSE,B-33,308,10,2303051050594
CSE,B-33,308,20,2303051050906
CSE,B-33,308,30,2303051051127
CSE,B-35,310,1,2303051051138
CSE,B-35,310,11,2303051050298
CSE,B-35,310,21,2303051051371
CSE,B-35,310,2,2303051051153
CSE,B-35,310,12,2303051050406
CSE,B-35,310,22,2303051051389
CSE,B-35,310,3,2303051051165
CSE,B-35,310,13,2303051050413
CSE,B-35,310,23,2303051051405
CSE,B-35,310,4,2303051051195
CSE,B-35,310,14,2303051050511
CSE,B-35,310,24,2303051051409
CSE,B-35,310,5,2303051051201
CSE,B-35,310,15,2303051050568
CSE,B-35,310,25,2303051051305
CSE,B-35,310,6,2303051051225
CSE,B-35,310,16,2303051050569
CSE,B-35,310,26,2203051050745
CSE,B-35,310,7,2303051051231
CSE,B-35,310,17,2303051051342
CSE,B-35,310,27,2203051051055
CSE,B-35,310,8,2303051051234
CSE,B-35,310,18,2303051051353
CSE,B-35,310,28,2303051051314
CSE,B-35,310,9,2303051051242
CSE,B-35,310,19,2303051051295
CSE,B-35,310,29,2403051057019
CSE,B-35,310,10,2303051051243
CSE,B-35,310,20,2303051051370
CSE,B-35,310,30,2403051057021
CSE,B-35,310,1,2403051057022
CSE,B-35,310,11,2403051057005
CSE,B-35,310,21,2403051057092
CSE,B-35,310,2,2403051057025
CSE,B-35,310,12,2403051057053
CSE,B-35,310,22,2403051057097
CSE,B-35,310,3,2403051057029
CSE,B-35,310,13,2403051057006
CSE,B-35,310,23,2403051057082
CSE,B-35,310,4,2403051057003
CSE,B-35,310,14,2403051057062
CSE,B-35,310,24,2403051057100
CSE,B-35,310,5,2403051057030
CSE,B-35,310,15,2403051057066
CSE,B-35,310,25,2403051057101
CSE,B-35,310,6,2403051057034
CSE,B-35,310,16,2403051057067
CSE,B-35,310,26,2403051057108
CSE,B-35,310,7,2403051057037
CSE,B-35,310,17,2403051057070
CSE,B-35,310,27,2403051057109
CSE,B-35,310,8,2403051057004
CSE,B-35,310,18,2403051057074
CSE,B-35,310,28,2403051057112
CSE,B-35,310,9,2403051057041
CSE,B-35,310,19,2403051057078
CSE,B-35,310,29,2403051057115
CSE,B-35,310,10,2403051057043
CSE,B-35,310,20,2403051057009
CSE,B-35,310,30,2403051057117
CSE,B-37,312,1,2403051057084
CSE,B-37,312,11,2403051057136
CSE,B-37,312,21,2403051057159
CSE,B-37,312,2,2403051057120
CSE,B-37,312,12,2403051057086
CSE,B-37,312,22,2303051050624
CSE,B-37,312,3,2403051057121
CSE,B-37,312,13,2403051057140
CSE,B-37,312,23,2303051050641
CSE,B-37,312,4,2403051057122
CSE,B-37,312,14,2403051057144
CSE,B-37,312,24,2303051050643
CSE,B-37,312,5,2403051057123
CSE,B-37,312,15,2403051057145
CSE,B-37,312,25,2303051050646
CSE,B-37,312,6,2403051057124
CSE,B-37,312,16,2403051057146
CSE,B-37,312,26,2303051050657
CSE,B-37,312,7,2403051057126
CSE,B-37,312,17,2403051057147
CSE,B-37,312,27,2303051050661
CSE,B-37,312,8,2403051057129
CSE,B-37,312,18,2403051057155
CSE,B-37,312,28,2303051050787
CSE,B-37,312,9,2403051057133
CSE,B-37,312,19,2403051057156
CSE,B-37,312,29,2303051050798
CSE,B-37,312,10,2403051057135
CSE,B-37,312,20,2403051057158
CSE,B-37,312,30,2303051050804
CSE,B-37,312,1,2303051050805
CSE,B-37,312,11,2303051050632
CSE,B-37,312,21,2303051051365
CSE,B-37,312,2,2303051050815
CSE,B-37,312,12,2303051050883
CSE,B-37,312,22,2203051050267
CSE,B-37,312,3,2303051050831
CSE,B-37,312,13,2303051050885
CSE,B-37,312,23,2303051057090
CSE,B-37,312,4,2303051050838
CSE,B-37,312,14,2303051050887
CSE,B-37,312,24,2303051050921
CSE,B-37,312,5,2303051050840
CSE,B-37,312,15,2303051050634
CSE,B-37,312,25,2303051050930
CSE,B-37,312,6,2303051050631
CSE,B-37,312,16,2303051050895
CSE,B-37,312,26,2303051051023
CSE,B-37,312,7,2303051050849
CSE,B-37,312,17,2303051050898
CSE,B-37,312,27,2303051051053
CSE,B-37,312,8,2303051050858
CSE,B-37,312,18,2303051050899
CSE,B-37,312,28,2303051051055
CSE,B-37,312,9,2303051050862
CSE,B-37,312,19,2303051050912
CSE,B-37,312,29,2303051051098
CSE,B-37,312,10,2303051050869
CSE,B-37,312,20,2303051050917
CSE,B-37,312,30,2303051051143
CSE,B-39,314,1,2303051051154
CSE,B-39,314,11,2303051050039
CSE,B-39,314,21,2303051050275
CSE,B-39,314,2,2303051051175
CSE,B-39,314,12,2303051050102
CSE,B-39,314,22,2303051050281
CSE,B-39,314,3,2303051051249
CSE,B-39,314,13,2303051050151
CSE,B-39,314,23,2303051050227
CSE,B-39,314,4,2303051051252
CSE,B-39,314,14,2303051050159
CSE,B-39,314,24,2303051050286
CSE,B-39,314,5,2303051051282
CSE,B-39,314,15,2303051050169
CSE,B-39,314,25,2303051050307
CSE,B-39,314,6,2303051051341
CSE,B-39,314,16,2303051050186
CSE,B-39,314,26,2303051050311
CSE,B-39,314,7,2303051051395
CSE,B-39,314,17,2303051051483
CSE,B-39,314,27,2303051050312
CSE,B-39,314,8,2303051051414
CSE,B-39,314,18,2303051050224
CSE,B-39,314,28,2303051050321
CSE,B-39,314,9,2303051051418
CSE,B-39,314,19,2303051050266
CSE,B-39,314,29,2303051050323
CSE,B-39,314,10,2303051050026
CSE,B-39,314,20,2303051050270
CSE,B-39,314,30,2303051050329
CSE,B-39,314,1,2303051050334
CSE,B-39,314,11,2303051050383
CSE,B-39,314,21,2303051050490
CSE,B-39,314,2,2303051050335
CSE,B-39,314,12,2303051050384
CSE,B-39,314,22,2303051050498
CSE,B-39,314,3,2303051050337
CSE,B-39,314,13,2303051050399
CSE,B-39,314,23,2303051050505
CSE,B-39,314,4,2303051050229
CSE,B-39,314,14,2303051050408
CSE,B-39,314,24,2303051050522
CSE,B-39,314,5,2303051050345
CSE,B-39,314,15,2303051050242
CSE,B-39,314,25,2303051050527
CSE,B-39,314,6,2303051050346
CSE,B-39,314,16,2303051050250
CSE,B-39,314,26,2303051050421
CSE,B-39,314,7,2303051050349
CSE,B-39,314,17,2303051050460
CSE,B-39,314,27,2303051050538
CSE,B-39,314,8,2303051050355
CSE,B-39,314,18,2303051050481
CSE,B-39,314,28,2303051050552
CSE,B-39,314,9,2303051050232
CSE,B-39,314,19,2303051050485
CSE,B-39,314,29,2303051050571
CSE,B-39,314,10,2303051050368
CSE,B-39,314,20,2303051050488
CSE,B-39,314,30,2303051050591
CSE,B-41,316,1,2303051050592
CSE,B-41,316,11,2303051050444
CSE,B-41,316,21,2303051051038
CSE,B-41,316,2,2303051050596
CSE,B-41,316,12,2303051050857
CSE,B-41,316,22,2303051051042
CSE,B-41,316,3,2303051050597
CSE,B-41,316,13,2303051050878
CSE,B-41,316,23,2303051051062
CSE,B-41,316,4,2303051050599
CSE,B-41,316,14,2303051050881
CSE,B-41,316,24,2303051051107
CSE,B-41,316,5,2303051050434
CSE,B-41,316,15,2303051051008
CSE,B-41,316,25,2303051051108
CSE,B-41,316,6,2303051050608
CSE,B-41,316,16,2303051051018
CSE,B-41,316,26,2303051051116
CSE,B-41,316,7,2303051050640
CSE,B-41,316,17,2303051051022
CSE,B-41,316,27,2303051051119
CSE,B-41,316,8,2303051050642
CSE,B-41,316,18,2303051051027
CSE,B-41,316,28,2303051051136
CSE,B-41,316,9,2303051050438
CSE,B-41,316,19,2303051050964
CSE,B-41,316,29,2303051050968
CSE,B-41,316,10,2303051050440
CSE,B-41,316,20,2303051051028
CSE,B-41,316,30,2303051051156
CSE,B-41,316,1,2303051051158
CSE,B-41,316,11,2303051051230
CSE,B-41,316,21,0
CSE,B-41,316,2,2303051051162
CSE,B-41,316,12,2303051051233
CSE,B-41,316,22,0
CSE,B-41,316,3,2303051051164
CSE,B-41,316,13,2303051050993
CSE,B-41,316,23,0
CSE,B-41,316,4,2303051051174
CSE,B-41,316,14,2203051050990
CSE,B-41,316,24,0
CSE,B-41,316,5,2303051051182
CSE,B-41,316,15,0
CSE,B-41,316,25,0
CSE,B-41,316,6,2303051051191
CSE,B-41,316,16,0
CSE,B-41,316,26,0
CSE,B-41,316,7,2303051051196
CSE,B-41,316,17,0
CSE,B-41,316,27,0
CSE,B-41,316,8,2303051051198
CSE,B-41,316,18,0
CSE,B-41,316,28,0
CSE,B-41,316,9,2303051051212
CSE,B-41,316,19,0
CSE,B-41,316,29,0
CSE,B-41,316,10,2303051051213
CSE,B-41,316,20,0
CSE,B-41,316,30,0
Int. CSE,B-42,317,1,210345305002
Int. CSE,B-42,317,11,210345305034
Int. CSE,B-42,317,21,0
Int. CSE,B-42,317,2,210345305027
Int. CSE,B-42,317,12,0
Int. CSE,B-42,317,22,0
Int. CSE,B-42,317,3,210345305007
Int. CSE,B-42,317,13,0
Int. CSE,B-42,317,23,0
Int. CSE,B-42,317,4,210345305009
Int. CSE,B-42,317,14,0
Int. CSE,B-42,317,24,0
Int. CSE,B-42,317,5,210345305019
Int. CSE,B-42,317,15,0
Int. CSE,B-42,317,25,0
Int. CSE,B-42,317,6,210345305023
Int. CSE,B-42,317,16,0
Int. CSE,B-42,317,26,0
Int. CSE,B-42,317,7,210345305024
Int. CSE,B-42,317,17,0
Int. CSE,B-42,317,27,0
Int. CSE,B-42,317,8,210345305026
Int. CSE,B-42,317,18,0
Int. CSE,B-42,317,28,0
Int. CSE,B-42,317,9,210345305033
Int. CSE,B-42,317,19,0
Int. CSE,B-42,317,29,0
Int. CSE,B-42,317,10,210345305018
Int. CSE,B-42,317,20,0
Int. CSE,B-42,317,30,0
Int. CSE,B-42,317,1,2403051457012
Int. CSE,B-42,317,11,0
Int. CSE,B-42,317,21,0
Int. CSE,B-42,317,2,2303051450011
Int. CSE,B-42,317,12,0
Int. CSE,B-42,317,22,0
Int. CSE,B-42,317,3,2403051457005
Int. CSE,B-42,317,13,0
Int. CSE,B-42,317,23,0
Int. CSE,B-42,317,4,2303051450006
Int. CSE,B-42,317,14,0
Int. CSE,B-42,317,24,0
Int. CSE,B-42,317,5,2403051457003
Int. CSE,B-42,317,15,0
Int. CSE,B-42,317,25,0
Int. CSE,B-42,317,6,0
Int. CSE,B-42,317,16,0
Int. CSE,B-42,317,26,0
Int. CSE,B-42,317,7,0
Int. CSE,B-42,317,17,0
Int. CSE,B-42,317,27,0
Int. CSE,B-42,317,8,0
Int. CSE,B-42,317,18,0
Int. CSE,B-42,317,28,0
Int. CSE,B-42,317,9,0
Int. CSE,B-42,317,19,0
Int. CSE,B-42,317,29,0
Int. CSE,B-42,317,10,0
Int. CSE,B-42,317,20,0
Int. CSE,B-42,317,30,0
CE,B-43,322,1,2303051450005
CE,B-43,322,11,2303051450016
CE,B-43,322,21,0
CE,B-43,322,2,2303051450004
CE,B-43,322,12,2403051457009
CE,B-43,322,22,0
CE,B-43,322,3,2303051450012
CE,B-43,322,13,2303051450001
CE,B-43,322,23,0
CE,B-43,322,4,2403051457006
CE,B-43,322,14,2303051450003
CE,B-43,322,24,0
CE,B-43,322,5,2403051457008
CE,B-43,322,15,2303051450007
CE,B-43,322,25,0
CE,B-43,322,6,2303051450008
CE,B-43,322,16,2403051457011
CE,B-43,322,26,0
CE,B-43,322,7,2303051450014
CE,B-43,322,17,2403051457010
CE,B-43,322,27,0
CE,B-43,322,8,2403051457001
CE,B-43,322,18,2303051450015
CE,B-43,322,28,0
CE,B-43,322,9,2403051457002
CE,B-43,322,19,2403051457007
CE,B-43,322,29,0
CE,B-43,322,10,2303051450009
CE,B-43,322,20,0
CE,B-43,322,30,0
CE,B-43,322,1,2303051240132
CE,B-43,322,11,2303051240357
CE,B-43,322,21,0
CE,B-43,322,2,2303051240100
CE,B-43,322,12,0
CE,B-43,322,22,0
CE,B-43,322,3,2303051240212
CE,B-43,322,13,0
CE,B-43,322,23,0
CE,B-43,322,4,2303051240377
CE,B-43,322,14,0
CE,B-43,322,24,0
CE,B-43,322,5,2303051240345
CE,B-43,322,15,0
CE,B-43,322,25,0
CE,B-43,322,6,2303051240106
CE,B-43,322,16,0
CE,B-43,322,26,0
CE,B-43,322,7,2303051240112
CE,B-43,322,17,0
CE,B-43,322,27,0
CE,B-43,322,8,2303051240189
CE,B-43,322,18,0
CE,B-43,322,28,0
CE,B-43,322,9,2303051240051
CE,B-43,322,19,0
CE,B-43,322,29,0
CE,B-43,322,10,2303051240113
CE,B-43,322,20,0
CE,B-43,322,30,0
AI,B-44,324,1,2303051240080
AI,B-44,324,11,2303051240072
AI,B-44,324,21,2303051240076
AI,B-44,324,2,2303051240371
AI,B-44,324,12,2303051240181
AI,B-44,324,22,2303051240268
AI,B-44,324,3,2303051240119
AI,B-44,324,13,2303051240050
AI,B-44,324,23,2303051240315
AI,B-44,324,4,2303051240299
AI,B-44,324,14,2303051240349
AI,B-44,324,24,2303051240264
AI,B-44,324,5,2403051247025
AI,B-44,324,15,2303051240095
AI,B-44,324,25,2303051240091
AI,B-44,324,6,2303051240025
AI,B-44,324,16,2303051240226
AI,B-44,324,26,2303051240329
AI,B-44,324,7,2303051240188
AI,B-44,324,17,2303051240375
AI,B-44,324,27,2303051240116
AI,B-44,324,8,2303051240310
AI,B-44,324,18,2303051240065
AI,B-44,324,28,2303051240230
AI,B-44,324,9,2303051240197
AI,B-44,324,19,2303051240081
AI,B-44,324,29,2303051240256
AI,B-44,324,10,2303051240052
AI,B-44,324,20,2303051240234
AI,B-44,324,30,2303051240070
AI,B-44,324,1,2303051240245
AI,B-44,324,11,2303051240162
AI,B-44,324,21,2303051240253
AI,B-44,324,2,2303051240358
AI,B-44,324,12,2303051240125
AI,B-44,324,22,2303051240022
AI,B-44,324,3,2303051240044
AI,B-44,324,13,2403051247041
AI,B-44,324,23,2303051240250
AI,B-44,324,4,2303051240321
AI,B-44,324,14,2303051240239
AI,B-44,324,24,2303051240163
AI,B-44,324,5,2303051240274
AI,B-44,324,15,2303051240346
AI,B-44,324,25,2303051240319
AI,B-44,324,6,2403051247030
AI,B-44,324,16,2303051240002
AI,B-44,324,26,2303051240361
AI,B-44,324,7,2303051240300
AI,B-44,324,17,2303051240286
AI,B-44,324,27,2303051240092
AI,B-44,324,8,2303051240122
AI,B-44,324,18,2403051247003
AI,B-44,324,28,2303051240241
AI,B-44,324,9,2303051240379
AI,B-44,324,19,2303051240266
AI,B-44,324,29,2303051240037
AI,B-44,324,10,2303051240244
AI,B-44,324,20,2303051240235
AI,B-44,324,30,2403051247015
AI,B-46,326,1,2303051240013
AI,B-46,326,11,2303051240096
AI,B-46,326,21,2303051240031
AI,B-46,326,2,2303051240063
AI,B-46,326,12,2303051240202
AI,B-46,326,22,2303051240101
AI,B-46,326,3,2303051240263
AI,B-46,326,13,2303051240279
AI,B-46,326,23,2303051240327
AI,B-46,326,4,2303051240176
AI,B-46,326,14,2303051240337
AI,B-46,326,24,2303051240166
AI,B-46,326,5,2303051240206
AI,B-46,326,15,2303051240061
AI,B-46,326,25,2303051240287
AI,B-46,326,6,2303051240308
AI,B-46,326,16,2303051240030
AI,B-46,326,26,2303051240047
AI,B-46,326,7,2403051247039
AI,B-46,326,17,2303051240303
AI,B-46,326,27,2303051240261
AI,B-46,326,8,2303051240034
AI,B-46,326,18,2303051240182
AI,B-46,326,28,2303051240191
AI,B-46,326,9,2303051240154
AI,B-46,326,19,2303051240028
AI,B-46,326,29,2303051240193
AI,B-46,326,10,2303051240016
AI,B-46,326,20,2403051247001
AI,B-46,326,30,2303051240201
AI,B-46,326,1,2303051240183
AI,B-46,326,11,2303051240255
AI,B-46,326,21,2303051240333
AI,B-46,326,2,2303051240336
AI,B-46,326,12,2303051240118
AI,B-46,326,22,2303051240033
AI,B-46,326,3,2303051240103
AI,B-46,326,13,2303051240045
AI,B-46,326,23,2303051240343
AI,B-46,326,4,2303051240150
AI,B-46,326,14,2303051240260
AI,B-46,326,24,2303051240075
AI,B-46,326,5,2303051240008
AI,B-46,326,15,2303051240083
AI,B-46,326,25,2303051240328
AI,B-46,326,6,2303051240185
AI,B-46,326,16,2303051240366
AI,B-46,326,26,2303051240314
AI,B-46,326,7,2303051240187
AI,B-46,326,17,2303051240004
AI,B-46,326,27,2303051240024
AI,B-46,326,8,2303051240271
AI,B-46,326,18,2303051240252
AI,B-46,326,28,2303051240207
AI,B-46,326,9,2303051240108
AI,B-46,326,19,2303051240294
AI,B-46,326,29,2403051247024
AI,B-46,326,10,2403051247006
AI,B-46,326,20,2303051240298
AI,B-46,326,30,2303051240291
AI,B-48,328,1,2303051240331
AI,B-48,328,11,2303051240330
AI,B-48,328,21,2303051240231
AI,B-48,328,2,2303051240243
AI,B-48,328,12,2303051240058
AI,B-48,328,22,2303051240225
AI,B-48,328,3,2303051240246
AI,B-48,328,13,2303051240115
AI,B-48,328,23,2303051240104
AI,B-48,328,4,2303051240175
AI,B-48,328,14,2303051240167
AI,B-48,328,24,2303051240218
AI,B-48,328,5,2403051247050
AI,B-48,328,15,2303051240194
AI,B-48,328,25,2303051240208
AI,B-48,328,6,2403051247054
AI,B-48,328,16,2303051240285
AI,B-48,328,26,2303051240288
AI,B-48,328,7,2303051240152
AI,B-48,328,17,2303051240215
AI,B-48,328,27,2303051240010
AI,B-48,328,8,2303051240006
AI,B-48,328,18,2303051240351
AI,B-48,328,28,2303051240199
AI,B-48,328,9,2303051240168
AI,B-48,328,19,2303051240165
AI,B-48,328,29,2303051240105
AI,B-48,328,10,2303051240311
AI,B-48,328,20,2303051240114
AI,B-48,328,30,2303051240277
AI,B-48,328,1,2303051240232
AI,B-48,328,11,2303051240007
AI,B-48,328,21,2303051240280
AI,B-48,328,2,2303051240227
AI,B-48,328,12,2303051240141
AI,B-48,328,22,2303051240160
AI,B-48,328,3,2303051240068
AI,B-48,328,13,2403051247048
AI,B-48,328,23,2303051240053
AI,B-48,328,4,2303051240124
AI,B-48,328,14,2303051240317
AI,B-48,328,24,2303051240003
AI,B-48,328,5,2303051240169
AI,B-48,328,15,2303051240229
AI,B-48,328,25,2303051240110
AI,B-48,328,6,2303051240111
AI,B-48,328,16,2303051240136
AI,B-48,328,26,2303051240042
AI,B-48,328,7,2303051240213
AI,B-48,328,17,2303051240364
AI,B-48,328,27,2303051240060
AI,B-48,328,8,2303051240216
AI,B-48,328,18,2303051240247
AI,B-48,328,28,2303051240082
AI,B-48,328,9,2303051240147
AI,B-48,328,19,2303051240200
AI,B-48,328,29,2303051240089
AI,B-48,328,10,2303051240026
AI,B-48,328,20,2303051240350
AI,B-48,328,30,2303051240254
AI,B-50,358,1,2303051240368
AI,B-50,358,11,2303051240320
AI,B-50,358,21,2303051240078
AI,B-50,358,2,2303051240276
AI,B-50,358,12,2303051240179
AI,B-50,358,22,2303051240012
AI,B-50,358,3,2303051240334
AI,B-50,358,13,2303051240171
AI,B-50,358,23,2303051240151
AI,B-50,358,4,2303051240098
AI,B-50,358,14,2303051240352
AI,B-50,358,24,2303051240086
AI,B-50,358,5,2303051240023
AI,B-50,358,15,2303051240099
AI,B-50,358,25,2403051247010
AI,B-50,358,6,2303051240138
AI,B-50,358,16,2303051240142
AI,B-50,358,26,2303051240029
AI,B-50,358,7,2303051240184
AI,B-50,358,17,2303051240015
AI,B-50,358,27,2303051240248
AI,B-50,358,8,2303051240296
AI,B-50,358,18,2203051240128
AI,B-50,358,28,2303051240133
AI,B-50,358,9,2303051240127
AI,B-50,358,19,2303051240102
AI,B-50,358,29,2303051240036
AI,B-50,358,10,2403051247018
AI,B-50,358,20,2303051240001
AI,B-50,358,30,2303051240014
AI,B-50,358,1,2303051240297
AI,B-50,358,11,2303051240228
AI,B-50,358,21,2303051240156
AI,B-50,358,2,2303051240307
AI,B-50,358,12,2403051249005
AI,B-50,358,22,2303051240372
AI,B-50,358,3,2303051240269
AI,B-50,358,13,2303051240249
AI,B-50,358,23,2303051240139
AI,B-50,358,4,2303051240149
AI,B-50,358,14,2303051240318
AI,B-50,358,24,2303051240123
AI,B-50,358,5,2303051240035
AI,B-50,358,15,2303051240272
AI,B-50,358,25,2403051247032
AI,B-50,358,6,2303051240143
AI,B-50,358,16,2303051240073
AI,B-50,358,26,2303051240278
AI,B-50,358,7,2303051240057
AI,B-50,358,17,2303051240354
AI,B-50,358,27,2303051240348
AI,B-50,358,8,2303051240292
AI,B-50,358,18,2303051240237
AI,B-50,358,28,2303051240240
AI,B-50,358,9,2303051240374
AI,B-50,358,19,2303051240259
AI,B-50,358,29,2303051240322
AI,B-50,358,10,2303051240251
AI,B-50,358,20,2303051240180
AI,B-50,358,30,2303051240302
AI,B-52,361,1,2303051240341
AI,B-52,361,11,2303051240190
AI,B-52,361,21,2303051240090
AI,B-52,361,2,2403051247017
AI,B-52,361,12,2303051240067
AI,B-52,361,22,2403051247028
AI,B-52,361,3,2403051247022
AI,B-52,361,13,2303051240032
AI,B-52,361,23,2403051247029
AI,B-52,361,4,2303051240312
AI,B-52,361,14,2303051240282
AI,B-52,361,24,2403051247033
AI,B-52,361,5,2303051240134
AI,B-52,361,15,2303051240290
AI,B-52,361,25,2403051247034
AI,B-52,361,6,2303051240326
AI,B-52,361,16,2303051240316
AI,B-52,361,26,2403051247035
AI,B-52,361,7,2303051240087
AI,B-52,361,17,2303051240324
AI,B-52,361,27,2403051247036
AI,B-52,361,8,2303051240121
AI,B-52,361,18,2303051240388
AI,B-52,361,28,2303051240195
AI,B-52,361,9,2403051247007
AI,B-52,361,19,2303051240043
AI,B-52,361,29,2303051240219
AI,B-52,361,10,2303051240056
AI,B-52,361,20,2303051240071
AI,B-52,361,30,2303051240120
AI,B-52,361,1,2303051240273
AI,B-52,361,11,2303051240021
AI,B-52,361,21,2303051240391
AI,B-52,361,2,2303051240295
AI,B-52,361,12,2303051240131
AI,B-52,361,22,2303051240332
AI,B-52,361,3,2303051240301
AI,B-52,361,13,2303051240192
AI,B-52,361,23,2303051240077
AI,B-52,361,4,2303051240304
AI,B-52,361,14,2303051240204
AI,B-52,361,24,2303051240380
AI,B-52,361,5,2303051240356
AI,B-52,361,15,2303051240205
AI,B-52,361,25,2303051240009
AI,B-52,361,6,2303051240359
AI,B-52,361,16,2303051240283
AI,B-52,361,26,2403051247047
AI,B-52,361,7,2303051240370
AI,B-52,361,17,2303051240325
AI,B-52,361,27,2303051240094
AI,B-52,361,8,2403051247042
AI,B-52,361,18,2303051240335
AI,B-52,361,28,2403051247038
AI,B-52,361,9,2403051247052
AI,B-52,361,19,2303051240353
AI,B-52,361,29,2303051240129
AI,B-52,361,10,2303051240020
AI,B-52,361,20,2303051240387
AI,B-52,361,30,2303051240178
AI,B-54,370,1,2303051240137
AI,B-54,370,11,2403051247043
AI,B-54,370,21,2403051247009
AI,B-54,370,2,2303051240369
AI,B-54,370,12,2303051240159
AI,B-54,370,22,2403051247011
AI,B-54,370,3,2303051240174
AI,B-54,370,13,2303051240172
AI,B-54,370,23,2303051240064
AI,B-54,370,4,2403051247044
AI,B-54,370,14,2303051240177
AI,B-54,370,24,2303051240079
AI,B-54,370,5,2303051240069
AI,B-54,370,15,2303051240040
AI,B-54,370,25,2303051240088
AI,B-54,370,6,2303051240338
AI,B-54,370,16,2303051240046
AI,B-54,370,26,2303051240107
AI,B-54,370,7,2303051240257
AI,B-54,370,17,2303051240339
AI,B-54,370,27,2303051240117
AI,B-54,370,8,2303051240173
AI,B-54,370,18,2303051240362
AI,B-54,370,28,2303051240126
AI,B-54,370,9,2403051247040
AI,B-54,370,19,2403051247005
AI,B-54,370,29,2303051240128
AI,B-54,370,10,2403051247002
AI,B-54,370,20,2403051247008
AI,B-54,370,30,2303051240130
AI,B-54,370,1,2303051240135
AI,B-54,370,11,2403051247019
AI,B-54,370,21,0
AI,B-54,370,2,2303051240038
AI,B-54,370,12,2403051247020
AI,B-54,370,22,0
AI,B-54,370,3,2303051240140
AI,B-54,370,13,2403051247021
AI,B-54,370,23,0
AI,B-54,370,4,2303051240157
AI,B-54,370,14,2403051247023
AI,B-54,370,24,0
AI,B-54,370,5,2303051240203
AI,B-54,370,15,2303051240224
AI,B-54,370,25,0
AI,B-54,370,6,2303051240220
AI,B-54,370,16,0
AI,B-54,370,26,0
AI,B-54,370,7,2303051240221
AI,B-54,370,17,0
AI,B-54,370,27,0
AI,B-54,370,8,2403051247013
AI,B-54,370,18,0
AI,B-54,370,28,0
AI,B-54,370,9,2403051247014
AI,B-54,370,19,0
AI,B-54,370,29,0
AI,B-54,370,10,2403051247016
AI,B-54,370,20,0
AI,B-54,370,30,0
Cyber,B-55,,1,2403051267005
Cyber,B-55,,11,2303051260069
Cyber,B-55,,21,0
Cyber,B-55,,2,2303051260061
Cyber,B-55,,12,2403051267014
Cyber,B-55,,22,0
Cyber,B-55,,3,2303051260050
Cyber,B-55,,13,2403051267010
Cyber,B-55,,23,0
Cyber,B-55,,4,2303051260062
Cyber,B-55,,14,2403051267015
Cyber,B-55,,24,0
Cyber,B-55,,5,2303051260070
Cyber,B-55,,15,0
Cyber,B-55,,25,0
Cyber,B-55,,6,2303051260022
Cyber,B-55,,16,0
Cyber,B-55,,26,0
Cyber,B-55,,7,2303051260011
Cyber,B-55,,17,0
Cyber,B-55,,27,0
Cyber,B-55,,8,2303051260054
Cyber,B-55,,18,0
Cyber,B-55,,28,0
Cyber,B-55,,9,2303051260012
Cyber,B-55,,19,0
Cyber,B-55,,29,0
Cyber,B-55,,10,2303051260014
Cyber,B-55,,20,0
Cyber,B-55,,30,0
Cyber,B-55,,1,2303051260031
Cyber,B-55,,11,2303051260067
Cyber,B-55,,21,2303051260078
Cyber,B-55,,2,2303051260063
Cyber,B-55,,12,2403051267004
Cyber,B-55,,22,2303051260035
Cyber,B-55,,3,2303051260075
Cyber,B-55,,13,2303051260042
Cyber,B-55,,23,2403051269001
Cyber,B-55,,4,2303051260016
Cyber,B-55,,14,2303051260010
Cyber,B-55,,24,2303051260013
Cyber,B-55,,5,2303051260021
Cyber,B-55,,15,2303051260049
Cyber,B-55,,25,2403051267016
Cyber,B-55,,6,2403051269002
Cyber,B-55,,16,2403051269004
Cyber,B-55,,26,2303051260005
Cyber,B-55,,7,2303051260043
Cyber,B-55,,17,2303051260001
Cyber,B-55,,27,2303051260072
Cyber,B-55,,8,2303051260002
Cyber,B-55,,18,2303051260079
Cyber,B-55,,28,2303051260034
Cyber,B-55,,9,2303051260052
Cyber,B-55,,19,2403051267013
Cyber,B-55,,29,2403051267008
Cyber,B-55,,10,2303051260017
Cyber,B-55,,20,2303051260058
Cyber,B-55,,30,2403051267002
Cyber,B-57,372,1,2303051260057
Cyber,B-57,372,11,2403051267006
Cyber,B-57,372,21,2303051260044
Cyber,B-57,372,2,2303051260030
Cyber,B-57,372,12,2303051260015
Cyber,B-57,372,22,2303051260048
Cyber,B-57,372,3,2303051260065
Cyber,B-57,372,13,2303051260018
Cyber,B-57,372,23,2303051260051
Cyber,B-57,372,4,2303051260032
Cyber,B-57,372,14,2303051260023
Cyber,B-57,372,24,2303051260053
Cyber,B-57,372,5,2303051260028
Cyber,B-57,372,15,2303051260024
Cyber,B-57,372,25,2303051260056
Cyber,B-57,372,6,2403051269003
Cyber,B-57,372,16,2303051260026
Cyber,B-57,372,26,2303051260064
Cyber,B-57,372,7,2303051260068
Cyber,B-57,372,17,2303051260036
Cyber,B-57,372,27,2303051260071
Cyber,B-57,372,8,2303051260060
Cyber,B-57,372,18,2303051260037
Cyber,B-57,372,28,2303051260007
Cyber,B-57,372,9,2303051260033
Cyber,B-57,372,19,2303051260040
Cyber,B-57,372,29,2303051260081
Cyber,B-57,372,10,2403051267001
Cyber,B-57,372,20,2303051260041
Cyber,B-57,372,30,2403051267003
Cyber,B-57,372,1,2303051170001
Cyber,B-57,372,11,2303051170018
Cyber,B-57,372,21,2303051170011
Cyber,B-57,372,2,2303051170004
Cyber,B-57,372,12,2303051170022
Cyber,B-57,372,22,2303051170012
Cyber,B-57,372,3,2303051170005
Cyber,B-57,372,13,2303051170023
Cyber,B-57,372,23,2303051170013
Cyber,B-57,372,4,2303051170006
Cyber,B-57,372,14,2303051170025
Cyber,B-57,372,24,2303051170016
Cyber,B-57,372,5,2303051170007
Cyber,B-57,372,15,2303051170027
Cyber,B-57,372,25,2303051170019
Cyber,B-57,372,6,2303051170008
Cyber,B-57,372,16,2303051170030
Cyber,B-57,372,26,2303051170020
Cyber,B-57,372,7,2303051170009
Cyber,B-57,372,17,2403051177001
Cyber,B-57,372,27,2303051170024
Cyber,B-57,372,8,2303051170010
Cyber,B-57,372,18,2403051177002
Cyber,B-57,372,28,2303051170026
Cyber,B-57,372,9,2303051170014
Cyber,B-57,372,19,2403051177003
Cyber,B-57,372,29,2303051170028
Cyber,B-57,372,10,2303051170015
Cyber,B-57,372,20,2403051177004
Cyber,B-57,372,30,2303051170029
AU,B-59,246,1,2303051020002
AU,B-59,246,11,2303051020015
AU,B-59,246,21,2403051027006
AU,B-59,246,2,2303051020003
AU,B-59,246,12,2303051020016
AU,B-59,246,22,2403051027007
AU,B-59,246,3,2303051020004
AU,B-59,246,13,2303051020017
AU,B-59,246,23,2403051027008
AU,B-59,246,4,2303051020005
AU,B-59,246,14,2303051020018
AU,B-59,246,24,2403051027009
AU,B-59,246,5,2303051020007
AU,B-59,246,15,2303051020019
AU,B-59,246,25,2403051027010
AU,B-59,246,6,2303051020008
AU,B-59,246,16,2403051027001
AU,B-59,246,26,2403051027011
AU,B-59,246,7,2303051020010
AU,B-59,246,17,2403051027002
AU,B-59,246,27,2403051027012
AU,B-59,246,8,2303051020011
AU,B-59,246,18,2403051027003
AU,B-59,246,28,2403051027013
AU,B-59,246,9,2303051020012
AU,B-59,246,19,2403051027004
AU,B-59,246,29,2403051027014
AU,B-59,246,10,2303051020013
AU,B-59,246,20,2403051027005
AU,B-59,246,30,2403051027015
AU,B-59,246,1,2403051027016
AU,B-59,246,11,2403051027029
AU,B-59,246,21,0
AU,B-59,246,2,2403051027017
AU,B-59,246,12,2403051027030
AU,B-59,246,22,0
AU,B-59,246,3,2403051027018
AU,B-59,246,13,2403051027031
AU,B-59,246,23,0
AU,B-59,246,4,2403051027020
AU,B-59,246,14,2403051027032
AU,B-59,246,24,0
AU,B-59,246,5,2403051027022
AU,B-59,246,15,2403051027033
AU,B-59,246,25,0
AU,B-59,246,6,2403051027023
AU,B-59,246,16,0
AU,B-59,246,26,0
AU,B-59,246,7,2403051027024
AU,B-59,246,17,0
AU,B-59,246,27,0
AU,B-59,246,8,2403051027025
AU,B-59,246,18,0
AU,B-59,246,28,0
AU,B-59,246,9,2403051027026
AU,B-59,246,19,0
AU,B-59,246,29,0
AU,B-59,246,10,2403051027027
AU,B-59,246,20,0
AU,B-59,246,30,0
MT,B-60,,1,2303051130001
MT,B-60,,11,2303051130011
MT,B-60,,21,0
MT,B-60,,2,2303051130002
MT,B-60,,12,2303051130012
MT,B-60,,22,0
MT,B-60,,3,2303051130003
MT,B-60,,13,2303051130013
MT,B-60,,23,0
MT,B-60,,4,2303051130004
MT,B-60,,14,2303051130014
MT,B-60,,24,0
MT,B-60,,5,2303051130005
MT,B-60,,15,0
MT,B-60,,25,0
MT,B-60,,6,2303051130006
MT,B-60,,16,0
MT,B-60,,26,0
MT,B-60,,7,2303051130007
MT,B-60,,17,0
MT,B-60,,27,0
MT,B-60,,8,2303051130008
MT,B-60,,18,0
MT,B-60,,28,0
MT,B-60,,9,2303051130009
MT,B-60,,19,0
MT,B-60,,29,0
MT,B-60,,10,2303051130010
MT,B-60,,20,0
MT,B-60,,30,0
MT,B-60,,1,2303051130015
MT,B-60,,11,2403051137002
MT,B-60,,21,2403051137015
MT,B-60,,2,2303051130016
MT,B-60,,12,2403051137003
MT,B-60,,22,2403051137016
MT,B-60,,3,2303051130017
MT,B-60,,13,2403051137004
MT,B-60,,23,2403051137018
MT,B-60,,4,2303051130018
MT,B-60,,14,2403051137006
MT,B-60,,24,2403051137020
MT,B-60,,5,2303051130019
MT,B-60,,15,2403051137007
MT,B-60,,25,2403051137021
MT,B-60,,6,2303051130020
MT,B-60,,16,2403051137008
MT,B-60,,26,2403051137022
MT,B-60,,7,2303051130021
MT,B-60,,17,2403051137009
MT,B-60,,27,2403051137023
MT,B-60,,8,2303051130022
MT,B-60,,18,2403051137011
MT,B-60,,28,2403051139001
MT,B-60,,9,2303051130023
MT,B-60,,19,2403051137012
MT,B-60,,29,2403051139002
MT,B-60,,10,2303051130024
MT,B-60,,20,2403051137013
MT,B-60,,30,2403051139003
RA,B-62,249,1,2303051230002
RA,B-62,249,11,2303051230014
RA,B-62,249,21,0
RA,B-62,249,2,2303051230003
RA,B-62,249,12,2303051230015
RA,B-62,249,22,0
RA,B-62,249,3,2303051230004
RA,B-62,249,13,2303051230016
RA,B-62,249,23,0
RA,B-62,249,4,2303051230005
RA,B-62,249,14,2303051230017
RA,B-62,249,24,0
RA,B-62,249,5,2303051230007
RA,B-62,249,15,2303051230018
RA,B-62,249,25,0
RA,B-62,249,6,2303051230009
RA,B-62,249,16,2403051237001
RA,B-62,249,26,0
RA,B-62,249,7,2303051230010
RA,B-62,249,17,2403051237002
RA,B-62,249,27,0
RA,B-62,249,8,2303051230011
RA,B-62,249,18,2403051237003
RA,B-62,249,28,0
RA,B-62,249,9,2303051230012
RA,B-62,249,19,2403051237004
RA,B-62,249,29,0
RA,B-62,249,10,2303051230013
RA,B-62,249,20,2403051237005
RA,B-62,249,30,0
RA,B-62,249,1,2303051110001
RA,B-62,249,11,0
RA,B-62,249,21,0
RA,B-62,249,2,2303051110002
RA,B-62,249,12,0
RA,B-62,249,22,0
RA,B-62,249,3,2303051110003
RA,B-62,249,13,0
RA,B-62,249,23,0
RA,B-62,249,4,2303051110004
RA,B-62,249,14,0
RA,B-62,249,24,0
RA,B-62,249,5,2303051110005
RA,B-62,249,15,0
RA,B-62,249,25,0
RA,B-62,249,6,2303051110008
RA,B-62,249,16,0
RA,B-62,249,26,0
RA,B-62,249,7,2303051110009
RA,B-62,249,17,0
RA,B-62,249,27,0
RA,B-62,249,8,2303051110010
RA,B-62,249,18,0
RA,B-62,249,28,0
RA,B-62,249,9,0
RA,B-62,249,19,0
RA,B-62,249,29,0
RA,B-62,249,10,0
RA,B-62,249,20,0
RA,B-62,249,30,0
BM,B-63,251,1,2303051110012
BM,B-63,251,11,2303051110024
BM,B-63,251,21,2303051110038
BM,B-63,251,2,2303051110013
BM,B-63,251,12,2303051110025
BM,B-63,251,22,2303051110039
BM,B-63,251,3,2303051110015
BM,B-63,251,13,2303051110028
BM,B-63,251,23,2303051110040
BM,B-63,251,4,2303051110016
BM,B-63,251,14,2303051110029
BM,B-63,251,24,2303051110041
BM,B-63,251,5,2303051110017
BM,B-63,251,15,2303051110030
BM,B-63,251,25,2303051110042
BM,B-63,251,6,2303051110019
BM,B-63,251,16,2303051110031
BM,B-63,251,26,2303051110044
BM,B-63,251,7,2303051110020
BM,B-63,251,17,2303051110032
BM,B-63,251,27,2303051110045
BM,B-63,251,8,2303051110021
BM,B-63,251,18,2303051110033
BM,B-63,251,28,2403051117001
BM,B-63,251,9,2303051110022
BM,B-63,251,19,2303051110036
BM,B-63,251,29,2403051117002
BM,B-63,251,10,2303051110023
BM,B-63,251,20,2303051110037
BM,B-63,251,30,2403051117005
BM,B-63,251,1,2303051440001
BM,B-63,251,11,2303051440016
BM,B-63,251,21,2303051440028
BM,B-63,251,2,2303051440003
BM,B-63,251,12,2303051440017
BM,B-63,251,22,2303051440030
BM,B-63,251,3,2303051440005
BM,B-63,251,13,2303051440018
BM,B-63,251,23,2303051440031
BM,B-63,251,4,2303051440006
BM,B-63,251,14,2303051440019
BM,B-63,251,24,2303051440032
BM,B-63,251,5,2303051440007
BM,B-63,251,15,2303051440020
BM,B-63,251,25,2303051440034
BM,B-63,251,6,2303051440008
BM,B-63,251,16,2303051440021
BM,B-63,251,26,2303051440035
BM,B-63,251,7,2303051440010
BM,B-63,251,17,2303051440022
BM,B-63,251,27,2303051440036
BM,B-63,251,8,2303051440011
BM,B-63,251,18,2303051440025
BM,B-63,251,28,2303051440037
BM,B-63,251,9,2303051440012
BM,B-63,251,19,2303051440026
BM,B-63,251,29,2303051440038
BM,B-63,251,10,2303051440013
BM,B-63,251,20,2303051440027
BM,B-63,251,30,2303051440039
BT,B-65,257,1,2303051440040
BT,B-65,257,11,2303051440050
BT,B-65,257,21,2303051440074
BT,B-65,257,2,2303051440041
BT,B-65,257,12,2303051440052
BT,B-65,257,22,2303051440094
BT,B-65,257,3,2303051440042
BT,B-65,257,13,2303051440053
BT,B-65,257,23,2303051440071
BT,B-65,257,4,2303051440043
BT,B-65,257,14,2303051440054
BT,B-65,257,24,2303051440106
BT,B-65,257,5,2303051440044
BT,B-65,257,15,2303051440055
BT,B-65,257,25,2303051440112
BT,B-65,257,6,2303051440045
BT,B-65,257,16,2303051440057
BT,B-65,257,26,2303051440113
BT,B-65,257,7,2303051440046
BT,B-65,257,17,2303051440058
BT,B-65,257,27,2403051447005
BT,B-65,257,8,2303051440047
BT,B-65,257,18,2303051440059
BT,B-65,257,28,2303051440086
BT,B-65,257,9,2303051440048
BT,B-65,257,19,2303051440060
BT,B-65,257,29,2303051440075
BT,B-65,257,10,2303051440049
BT,B-65,257,20,2303051440073
BT,B-65,257,30,2303051440100
BT,B-65,257,1,2303051440104
BT,B-65,257,11,2303051440067
BT,B-65,257,21,2303051440088
BT,B-65,257,2,2303051440110
BT,B-65,257,12,2303051440070
BT,B-65,257,22,2303051440089
BT,B-65,257,3,2403051447007
BT,B-65,257,13,2303051440072
BT,B-65,257,23,2303051440090
BT,B-65,257,4,2403051447001
BT,B-65,257,14,2303051440076
BT,B-65,257,24,2303051440095
BT,B-65,257,5,2303051440068
BT,B-65,257,15,2303051440081
BT,B-65,257,25,2303051440096
BT,B-65,257,6,2403051447008
BT,B-65,257,16,2303051440082
BT,B-65,257,26,2303051440097
BT,B-65,257,7,2303051440062
BT,B-65,257,17,2303051440083
BT,B-65,257,27,2303051440098
BT,B-65,257,8,2303051440063
BT,B-65,257,18,2303051440084
BT,B-65,257,28,2303051440099
BT,B-65,257,9,2303051440065
BT,B-65,257,19,2303051440085
BT,B-65,257,29,2303051440102
BT,B-65,257,10,2303051440066
BT,B-65,257,20,2303051440087
BT,B-65,257,30,2303051440103
BT,B-67,358,1,2303051440105
BT,B-67,358,11,0
BT,B-67,358,21,0
BT,B-67,358,2,2303051440107
BT,B-67,358,12,0
BT,B-67,358,22,0
BT,B-67,358,3,2303051440108
BT,B-67,358,13,0
BT,B-67,358,23,0
BT,B-67,358,4,2303051440109
BT,B-67,358,14,0
BT,B-67,358,24,0
BT,B-67,358,5,2303051440111
BT,B-67,358,15,0
BT,B-67,358,25,0
BT,B-67,358,6,2303051440115
BT,B-67,358,16,0
BT,B-67,358,26,0
BT,B-67,358,7,2403051447003
BT,B-67,358,17,0
BT,B-67,358,27,0
BT,B-67,358,8,2403051447004
BT,B-67,358,18,0
BT,B-67,358,28,0
BT,B-67,358,9,2403051447009
BT,B-67,358,19,0
BT,B-67,358,29,0
BT,B-67,358,10,2403051447010
BT,B-67,358,20,0
BT,B-67,358,30,0
BT,B-67,358,1,2203051030036
BT,B-67,358,11,2303051030015
BT,B-67,358,21,0
BT,B-67,358,2,2203051037017
BT,B-67,358,12,2303051030016
BT,B-67,358,22,0
BT,B-67,358,3,2303051030001
BT,B-67,358,13,2303051030017
BT,B-67,358,23,0
BT,B-67,358,4,2303051030002
BT,B-67,358,14,2303051030018
BT,B-67,358,24,0
BT,B-67,358,5,2303051030003
BT,B-67,358,15,2303051030020
BT,B-67,358,25,0
BT,B-67,358,6,2303051030007
BT,B-67,358,16,2303051030021
BT,B-67,358,26,0
BT,B-67,358,7,2303051030009
BT,B-67,358,17,2303051030022
BT,B-67,358,27,0
BT,B-67,358,8,2303051030010
BT,B-67,358,18,2303051030023
BT,B-67,358,28,0
BT,B-67,358,9,2303051030012
BT,B-67,358,19,2303051030024
BT,B-67,358,29,0
BT,B-67,358,10,2303051030013
BT,B-67,358,20,2303051030025
BT,B-67,358,30,0
CH,B-68,360,1,2303051030026
CH,B-68,360,11,2303051030038
CH,B-68,360,21,2303051030049
CH,B-68,360,2,2303051030027
CH,B-68,360,12,2303051030040
CH,B-68,360,22,2303051030050
CH,B-68,360,3,2303051030028
CH,B-68,360,13,2303051030041
CH,B-68,360,23,2303051030051
CH,B-68,360,4,2303051030029
CH,B-68,360,14,2303051030042
CH,B-68,360,24,2303051030052
CH,B-68,360,5,2303051030030
CH,B-68,360,15,2303051030043
CH,B-68,360,25,2303051030053
CH,B-68,360,6,2303051030031
CH,B-68,360,16,2303051030044
CH,B-68,360,26,2303051030054
CH,B-68,360,7,2303051030032
CH,B-68,360,17,2303051030045
CH,B-68,360,27,2303051030055
CH,B-68,360,8,2303051030033
CH,B-68,360,18,2303051030046
CH,B-68,360,28,2403051037002
CH,B-68,360,9,2303051030036
CH,B-68,360,19,2303051030047
CH,B-68,360,29,2403051037003
CH,B-68,360,10,2303051030037
CH,B-68,360,20,2303051030048
CH,B-68,360,30,2403051037004
CH,B-68,360,1,2403051037005
CH,B-68,360,11,2403051037002
CH,B-68,360,21,2403051037013
CH,B-68,360,2,2403051037006
CH,B-68,360,12,2403051037003
CH,B-68,360,22,2403051037014
CH,B-68,360,3,2403051037007
CH,B-68,360,13,2403051037004
CH,B-68,360,23,2403051037015
CH,B-68,360,4,2403051037008
CH,B-68,360,14,2403051037005
CH,B-68,360,24,2403051037016
CH,B-68,360,5,2403051037009
CH,B-68,360,15,2403051037006
CH,B-68,360,25,2403051037017
CH,B-68,360,6,2403051037010
CH,B-68,360,16,2403051037007
CH,B-68,360,26,2403051037019
CH,B-68,360,7,2403051037012
CH,B-68,360,17,2403051037008
CH,B-68,360,27,2403051037020
CH,B-68,360,8,2403051037013
CH,B-68,360,18,2403051037009
CH,B-68,360,28,2403051037021
CH,B-68,360,9,2403051037014
CH,B-68,360,19,2403051037010
CH,B-68,360,29,2403051037022
CH,B-68,360,10,2303051030039
CH,B-68,360,20,2403051037012
CH,B-68,360,30,2403051037023
CH,B-70,362,1,2403051037024
CH,B-70,362,11,2403051037034
CH,B-70,362,21,2403051037045
CH,B-70,362,2,2403051037025
CH,B-70,362,12,2403051037035
CH,B-70,362,22,2403051037046
CH,B-70,362,3,2403051037026
CH,B-70,362,13,2403051037036
CH,B-70,362,23,2403051037047
CH,B-70,362,4,2403051037027
CH,B-70,362,14,2403051037038
CH,B-70,362,24,2403051037048
CH,B-70,362,5,2403051037028
CH,B-70,362,15,2403051037039
CH,B-70,362,25,2403051037049
CH,B-70,362,6,2403051037029
CH,B-70,362,16,2403051037040
CH,B-70,362,26,2403051037051
CH,B-70,362,7,2403051037030
CH,B-70,362,17,2403051037041
CH,B-70,362,27,2403051037052
CH,B-70,362,8,2403051037031
CH,B-70,362,18,2403051037042
CH,B-70,362,28,2403051037053
CH,B-70,362,9,2403051037032
CH,B-70,362,19,2403051037043
CH,B-70,362,29,2403051037055
CH,B-70,362,10,2403051037033
CH,B-70,362,20,2403051037044
CH,B-70,362,30,2403051037056
CH,B-70,362,1,2403051037058
CH,B-70,362,11,2403051037068
CH,B-70,362,21,2403051037078
CH,B-70,362,2,2403051037059
CH,B-70,362,12,2403051037069
CH,B-70,362,22,2403051037079
CH,B-70,362,3,2403051037060
CH,B-70,362,13,2403051037070
CH,B-70,362,23,2403051037080
CH,B-70,362,4,2403051037061
CH,B-70,362,14,2403051037071
CH,B-70,362,24,2403051037081
CH,B-70,362,5,2403051037062
CH,B-70,362,15,2403051037072
CH,B-70,362,25,2403051037082
CH,B-70,362,6,2403051037063
CH,B-70,362,16,2403051037073
CH,B-70,362,26,2503051039001
CH,B-70,362,7,2403051037064
CH,B-70,362,17,2403051037074
CH,B-70,362,27,0
CH,B-70,362,8,2403051037065
CH,B-70,362,18,2403051037075
CH,B-70,362,28,0
CH,B-70,362,9,2403051037066
CH,B-70,362,19,2403051037076
CH,B-70,362,29,0
CH,B-70,362,10,2403051037067
CH,B-70,362,20,2403051037077
CH,B-70,362,30,0
